Time(sec),Force(g),Displacement(mm),Angle(deg),Target_Force(g)
12.033,0.000,0.000,97.11,49.79
12.033,0.000,0.000,97.11,49.79
12.033,0.000,0.000,97.10,49.82
12.033,0.000,0.000,97.10,49.82
12.033,0.000,0.000,97.10,49.82
12.033,0.000,0.000,97.10,49.82
12.043,0.000,0.000,97.08,49.88
12.043,0.000,0.000,97.08,49.88
12.043,0.000,0.000,97.07,49.90
12.043,0.000,0.000,97.07,49.90
12.066,0.000,0.000,97.05,49.94
12.066,0.000,0.000,97.05,49.94
12.078,0.000,0.000,97.05,49.91
12.079,0.000,0.000,97.05,49.91
12.087,0.000,0.000,97.05,49.91
12.087,0.000,0.000,97.05,49.91
12.120,0.000,0.000,97.04,49.90
12.120,0.000,0.000,97.04,49.90
12.121,0.000,0.000,97.04,49.85
12.121,0.000,0.000,97.04,49.85
12.135,0.000,0.000,97.02,49.87
12.135,0.000,0.000,97.02,49.87
12.150,0.000,0.000,97.01,49.91
12.150,0.000,0.000,97.01,49.91
12.167,0.000,0.000,97.00,49.95
12.167,0.000,0.000,97.00,49.95
12.183,0.000,0.000,96.99,49.93
12.183,0.000,0.000,96.99,49.93
12.198,0.000,0.000,96.98,49.94
12.198,0.000,0.000,96.98,49.94
12.220,0.000,0.000,96.98,49.88
12.220,0.000,0.000,96.98,49.88
12.231,0.000,0.000,96.98,49.86
12.231,0.000,0.000,96.98,49.86
12.247,0.000,0.000,96.99,49.79
12.247,0.000,0.000,96.99,49.79
12.271,0.000,0.000,96.98,49.79
12.271,0.000,0.000,96.98,49.79
12.279,0.000,0.000,96.98,49.75
12.279,0.000,0.000,96.98,49.75
12.295,0.000,0.000,96.97,49.78
12.295,0.000,0.000,96.97,49.78
12.317,0.000,0.000,96.97,49.77
12.317,0.000,0.000,96.97,49.77
12.327,0.000,0.000,96.96,49.84
12.327,0.000,0.000,96.96,49.84
12.343,0.000,0.000,96.97,49.79
12.343,0.000,0.000,96.97,49.79
12.367,0.000,0.000,96.97,49.81
12.367,0.000,0.000,96.97,49.81
12.375,0.000,0.000,96.96,49.81
12.375,0.000,0.000,96.96,49.81
12.391,0.000,0.000,96.97,49.76
12.391,0.000,0.000,96.97,49.76
12.418,0.000,0.000,96.98,49.68
12.418,0.000,0.000,96.98,49.68
12.423,0.000,0.000,96.98,49.70
12.423,0.000,0.000,96.98,49.70
12.438,0.000,0.000,96.99,49.68
12.438,0.000,0.000,96.99,49.68
12.472,0.000,0.000,96.99,49.64
12.472,0.000,0.000,96.99,49.64
12.474,0.000,0.000,96.99,49.69
12.474,0.000,0.000,96.99,49.69
12.487,0.000,0.000,97.00,49.69
12.487,0.000,0.000,97.00,49.69
12.522,0.000,0.000,97.00,49.69
12.522,0.000,0.000,97.00,49.69
12.522,0.000,0.000,96.99,49.73
12.522,0.000,0.000,96.99,49.73
12.534,0.000,0.000,96.99,49.73
12.534,0.000,0.000,96.99,49.73
12.557,0.000,0.000,96.99,49.73
12.557,0.000,0.000,96.99,49.73
12.569,0.000,0.000,97.00,49.74
12.569,0.000,0.000,97.00,49.74
12.582,0.000,0.000,97.01,49.70
12.582,0.000,0.000,97.01,49.70
12.598,0.000,0.000,97.03,49.62
12.598,0.000,0.000,97.03,49.62
12.619,0.000,0.000,97.03,49.62
12.619,0.000,0.000,97.03,49.62
12.630,0.000,0.000,97.03,49.62
12.630,0.000,0.000,97.03,49.62
12.647,0.000,0.000,97.03,49.66
12.647,0.000,0.000,97.03,49.66
12.668,0.000,0.000,97.03,49.70
12.668,0.000,0.000,97.03,49.70
12.679,0.000,0.000,97.03,49.73
12.679,0.000,0.000,97.03,49.73
12.696,0.000,0.000,97.03,49.73
12.696,0.000,0.000,97.03,49.73
12.717,0.000,0.000,97.04,49.69
12.717,0.000,0.000,97.04,49.69
12.727,0.000,0.000,97.05,49.65
12.727,0.000,0.000,97.05,49.65
12.743,0.000,0.000,97.06,49.62
12.743,0.000,0.000,97.06,49.62
12.769,0.000,0.000,97.06,49.64
12.769,0.000,0.000,97.06,49.64
12.775,0.000,0.000,97.08,49.59
12.775,0.000,0.000,97.08,49.59
12.790,0.000,0.000,97.09,49.59
12.790,0.000,0.000,97.09,49.59
12.819,0.000,0.000,97.10,49.59
12.819,0.000,0.000,97.10,49.59
12.823,0.000,0.000,97.11,49.59
12.823,0.000,0.000,97.11,49.59
12.839,0.000,0.000,97.11,49.58
12.839,0.000,0.000,97.11,49.58
12.868,0.000,0.000,97.12,49.60
12.868,0.000,0.000,97.12,49.60
12.871,0.000,0.000,97.12,49.66
12.871,0.000,0.000,97.12,49.66
12.887,0.000,0.000,97.10,49.75
12.887,0.000,0.000,97.10,49.75
12.918,0.000,0.000,97.10,49.78
12.918,0.000,0.000,97.10,49.78
12.920,0.000,0.000,97.09,49.85
12.920,0.000,0.000,97.09,49.85
12.934,0.000,0.000,97.08,49.93
12.934,0.000,0.000,97.08,49.93
12.950,0.000,0.000,97.06,49.95
12.950,0.000,0.000,97.06,49.95
12.970,0.000,0.000,97.05,49.93
12.970,0.000,0.000,97.05,49.93
12.983,0.000,0.000,97.06,49.91
12.983,0.000,0.000,97.06,49.91
12.999,0.000,0.000,97.06,49.86
12.999,0.000,0.000,97.06,49.86
13.018,0.000,0.000,97.06,49.80
13.018,0.000,0.000,97.06,49.80
13.031,0.000,0.000,97.06,49.77
13.031,0.000,0.000,97.06,49.77
13.047,0.000,0.000,97.06,49.73
13.047,0.000,0.000,97.06,49.73
13.071,0.000,0.000,97.05,49.78
13.071,0.000,0.000,97.05,49.78
13.079,0.000,0.000,97.04,49.83
13.079,0.000,0.000,97.04,49.83
13.095,0.000,0.000,97.03,49.84
13.095,0.000,0.000,97.03,49.84
13.118,0.000,0.000,97.03,49.86
13.118,0.000,0.000,97.03,49.86
13.127,0.000,0.000,97.01,49.93
13.127,0.000,0.000,97.01,49.93
13.142,0.000,0.000,96.97,50.06
13.142,0.000,0.000,96.97,50.06
13.170,0.000,0.000,96.86,50.36
13.170,0.000,0.000,96.86,50.36
13.175,0.000,0.000,96.71,50.89
13.175,0.000,0.000,96.71,50.89
13.191,0.000,0.000,96.49,51.70
13.191,0.000,0.000,96.49,51.70
13.218,0.000,0.000,96.17,52.76
13.218,0.000,0.000,96.17,52.76
13.222,0.000,0.000,95.65,54.73
13.222,0.000,0.000,95.65,54.73
13.239,0.000,0.000,95.03,56.72
13.239,0.000,0.000,95.03,56.72
13.268,0.000,0.000,94.37,59.03
13.268,0.000,0.000,94.37,59.03
13.284,0.000,0.000,93.61,60.91
13.284,0.000,0.000,93.61,60.91
13.288,0.000,0.000,92.99,62.62
13.288,0.000,0.000,92.99,62.62
13.315,0.000,0.000,92.61,62.04
13.315,0.000,0.000,92.61,62.04
13.319,0.000,0.000,92.31,60.64
13.319,0.000,0.000,92.31,60.64
13.334,0.000,0.000,91.98,59.08
13.334,0.000,0.000,91.98,59.08
13.350,0.000,0.000,91.56,58.13
13.350,0.000,0.000,91.56,58.13
13.368,0.000,0.000,91.12,57.03
13.368,0.000,0.000,91.12,57.03
13.383,0.000,0.000,90.61,57.31
13.383,0.000,0.000,90.61,57.31
13.399,0.000,0.000,90.03,58.62
13.399,0.000,0.000,90.03,58.62
13.417,0.000,0.000,89.40,60.05
13.417,0.000,0.000,89.40,60.05
13.431,0.000,0.000,88.65,61.39
13.431,0.000,0.000,88.65,61.39
13.447,0.000,0.000,88.06,62.19
13.447,0.000,0.000,88.06,62.19
13.466,0.000,0.000,87.62,61.90
13.466,0.000,0.000,87.62,61.90
13.479,0.000,0.000,87.10,61.66
13.479,0.000,0.000,87.10,61.66
13.496,0.000,0.000,86.03,63.33
13.496,0.000,0.000,86.03,63.33
13.518,0.000,0.000,84.70,65.94
13.518,0.000,0.000,84.70,65.94
13.526,0.000,0.000,83.58,69.22
13.527,0.000,0.000,83.58,69.22
13.544,0.000,0.000,82.96,69.99
13.544,0.000,0.000,82.96,69.99
13.569,0.000,0.000,82.75,68.19
13.569,0.000,0.000,82.75,68.19
13.574,0.000,0.000,82.48,64.78
13.574,0.000,0.000,82.48,64.78
13.591,0.000,0.000,82.06,60.72
13.591,0.000,0.000,82.06,60.72
13.618,0.000,0.000,81.80,56.51
13.618,0.000,0.000,81.80,56.51
13.623,0.000,0.000,81.27,56.32
13.623,0.000,0.000,81.27,56.32
13.639,0.000,0.000,80.28,59.74
13.639,0.000,0.000,80.28,59.74
13.667,0.000,0.000,79.19,62.67
13.667,0.000,0.000,79.19,62.67
13.671,0.000,0.000,77.84,67.99
13.671,0.000,0.000,77.84,67.99
13.687,0.000,0.000,76.52,73.62
13.687,0.000,0.000,76.52,73.62
13.720,0.000,0.000,75.26,77.07
13.720,0.000,0.000,75.26,77.07
13.721,0.000,0.000,73.68,80.48
13.721,0.000,0.000,73.68,80.48
13.735,0.000,0.000,71.54,88.31
13.735,0.000,0.000,71.54,88.31
13.759,0.000,0.000,69.48,91.98
13.759,0.000,0.000,69.48,91.98
13.771,0.000,0.000,67.84,93.52
13.771,0.000,0.000,67.84,93.52
13.783,0.000,0.000,66.54,94.88
13.783,0.000,0.000,66.54,94.88
13.799,0.000,0.000,65.47,91.58
13.799,0.000,0.000,65.47,91.58
13.822,0.000,0.000,64.51,83.20
13.822,0.000,0.000,64.51,83.20
13.831,0.000,0.000,63.66,76.14
13.831,0.000,0.000,63.66,76.14
13.847,0.000,0.000,62.71,72.83
13.847,0.000,0.000,62.71,72.83
13.869,0.000,0.000,61.41,72.76
13.869,0.000,0.000,61.41,72.76
13.879,0.000,0.000,59.74,75.59
13.879,0.000,0.000,59.74,75.59
13.896,0.000,0.000,57.96,80.06
13.896,0.000,0.000,57.96,80.06
13.918,0.000,0.000,56.18,85.74
13.918,0.000,0.000,56.18,85.74
13.927,0.000,0.000,54.48,90.81
13.927,0.000,0.000,54.48,90.81
13.943,0.000,0.000,52.90,92.51
13.943,0.000,0.000,52.90,92.51
13.968,0.000,0.000,51.33,91.45
13.968,0.000,0.000,51.33,91.45
13.975,0.000,0.000,49.55,92.92
13.975,0.000,0.000,49.55,92.92
13.990,0.000,0.000,47.71,93.30
13.990,0.000,0.000,47.71,93.30
14.019,0.000,0.000,45.98,91.96
14.019,0.000,0.000,45.98,91.96
14.023,0.000,0.000,44.26,92.23
14.023,0.000,0.000,44.26,92.23
14.038,0.000,0.000,42.53,93.24
14.039,0.000,0.000,42.53,93.24
14.069,0.000,0.000,40.90,89.94
14.069,0.000,0.000,40.90,89.94
14.070,0.000,0.000,39.36,86.38
14.070,0.000,0.000,39.36,86.38
14.086,0.000,0.000,37.70,84.86
14.086,0.000,0.000,37.70,84.86
14.119,0.000,0.000,35.96,81.48
14.119,0.000,0.000,35.96,81.48
14.121,0.000,0.000,34.31,79.55
14.121,0.000,0.000,34.31,79.55
14.134,0.000,0.000,32.62,78.13
14.134,0.000,0.000,32.62,78.13
14.158,0.000,0.000,31.06,75.22
14.158,0.000,0.000,31.06,75.22
14.170,0.000,0.000,29.69,70.91
14.170,0.000,0.000,29.69,70.91
14.183,0.000,0.000,28.48,67.84
14.183,0.000,0.000,28.48,67.84
14.199,0.000,0.000,27.44,62.69
14.199,0.000,0.000,27.44,62.69
14.220,0.000,0.000,26.38,57.30
14.220,0.000,0.000,26.38,57.30
14.231,0.000,0.000,25.34,54.23
14.231,0.000,0.000,25.34,54.23
14.247,0.000,0.000,24.50,51.23
14.247,0.000,0.000,24.50,51.23
14.266,0.000,0.000,23.45,48.53
14.266,0.000,0.000,23.45,48.53
14.279,0.000,0.000,22.34,46.66
14.279,0.000,0.000,22.34,46.66
14.295,0.000,0.000,21.41,44.84
14.295,0.000,0.000,21.41,44.84
14.321,0.000,0.000,20.63,42.53
14.321,0.000,0.000,20.63,42.53
14.326,0.000,0.000,20.00,40.69
14.326,0.000,0.000,20.00,40.69
14.342,0.000,0.000,19.50,38.15
14.342,0.000,0.000,19.50,38.15
14.368,0.000,0.000,19.19,35.43
14.368,0.000,0.000,19.19,35.43
14.375,0.000,0.000,19.05,33.30
14.375,0.000,0.000,19.05,33.30
14.391,0.000,0.000,19.08,31.31
14.391,0.000,0.000,19.08,31.31
14.419,0.000,0.000,19.29,29.78
14.419,0.000,0.000,19.29,29.78
14.422,0.000,0.000,19.73,28.31
14.422,0.000,0.000,19.73,28.31
14.439,0.000,0.000,20.37,27.45
14.439,0.000,0.000,20.37,27.45
14.471,0.000,0.000,21.30,26.85
14.471,0.000,0.000,21.30,26.85
14.473,0.000,0.000,22.45,25.71
14.473,0.000,0.000,22.45,25.71
14.486,0.000,0.000,23.92,25.25
14.486,0.000,0.000,23.92,25.25
14.519,0.000,0.000,25.65,25.45
14.519,0.000,0.000,25.65,25.45
14.520,0.000,0.000,27.53,25.82
14.520,0.000,0.000,27.53,25.82
14.535,0.000,0.000,29.46,26.54
14.535,0.000,0.000,29.46,26.54
14.557,0.000,0.000,31.44,27.61
14.557,0.000,0.000,31.44,27.61
14.569,0.000,0.000,33.78,28.81
14.569,0.000,0.000,33.78,28.81
14.582,0.000,0.000,36.50,30.08
14.582,0.000,0.000,36.50,30.08
14.598,0.000,0.000,39.40,31.19
14.598,0.000,0.000,39.40,31.19
14.621,0.000,0.000,41.93,31.94
14.621,0.000,0.000,41.93,31.94
14.631,0.000,0.000,43.90,32.40
14.631,0.000,0.000,43.90,32.40
14.647,0.000,0.000,45.46,32.66
14.647,0.000,0.000,45.46,32.66
14.670,0.000,0.000,46.91,32.84
14.670,0.000,0.000,46.91,32.84
14.678,0.000,0.000,48.69,32.99
14.678,0.000,0.000,48.69,32.99
14.696,0.000,0.000,50.84,33.11
14.696,0.000,0.000,50.84,33.11
14.717,0.000,0.000,53.02,33.14
14.717,0.000,0.000,53.02,33.14
14.727,0.000,0.000,54.99,33.00
14.727,0.000,0.000,54.99,33.00
14.743,0.000,0.000,56.79,33.00
14.743,0.000,0.000,56.79,33.00
14.767,0.000,0.000,58.42,33.00
14.767,0.000,0.000,58.42,33.00
14.775,0.000,0.000,60.03,33.00
14.775,0.000,0.000,60.03,33.00
14.791,0.000,0.000,61.72,33.03
14.791,0.000,0.000,61.72,33.03
14.818,0.000,0.000,63.22,33.37
14.818,0.000,0.000,63.22,33.37
14.823,0.000,0.000,64.36,33.74
14.823,0.000,0.000,64.36,33.74
14.839,0.000,0.000,65.33,34.24
14.839,0.000,0.000,65.33,34.24
14.867,0.000,0.000,66.11,35.36
14.867,0.000,0.000,66.11,35.36
14.871,0.000,0.000,66.84,36.60
14.871,0.000,0.000,66.84,36.60
14.887,0.000,0.000,67.77,37.52
14.887,0.000,0.000,67.77,37.52
14.918,0.000,0.000,68.89,37.62
14.918,0.000,0.000,68.89,37.62
14.920,0.000,0.000,70.10,37.19
14.920,0.000,0.000,70.10,37.19
14.934,0.000,0.000,71.35,36.30
14.935,0.000,0.000,71.35,36.30
14.950,0.000,0.000,74.10,33.96
14.950,0.000,0.000,74.10,33.96
14.970,0.000,0.000,74.99,34.02
14.970,0.000,0.000,74.99,34.02
14.982,0.000,0.000,76.53,33.65
14.982,0.000,0.000,76.53,33.65
14.999,0.000,0.000,77.93,33.58
14.999,0.000,0.000,77.93,33.58
15.019,0.000,0.000,78.57,34.08
15.019,0.000,0.000,78.57,34.08
15.031,0.000,0.000,78.83,37.42
15.031,0.000,0.000,78.83,37.42
15.047,0.000,0.000,78.97,38.79
15.047,0.000,0.000,78.97,38.79
15.069,0.000,0.000,79.06,42.31
15.069,0.000,0.000,79.06,42.31
15.079,0.000,0.000,79.14,45.82
15.079,0.000,0.000,79.14,45.82
15.095,0.000,0.000,79.29,47.23
15.095,0.000,0.000,79.29,47.23
15.122,0.000,0.000,79.44,47.80
15.122,0.000,0.000,79.44,47.80
15.127,0.000,0.000,79.69,47.14
15.127,0.000,0.000,79.69,47.14
15.142,0.000,0.000,80.05,46.30
15.142,0.000,0.000,80.05,46.30
15.172,0.000,0.000,80.35,45.63
15.172,0.000,0.000,80.35,45.63
15.175,0.000,0.000,80.55,45.46
15.175,0.000,0.000,80.55,45.46
15.191,0.000,0.000,80.78,45.14
15.191,0.000,0.000,80.78,45.14
15.218,0.000,0.000,81.00,45.53
15.218,0.000,0.000,81.00,45.53
15.223,0.000,0.000,81.18,46.07
15.223,0.000,0.000,81.18,46.07
15.239,0.000,0.000,81.33,46.52
15.239,0.000,0.000,81.33,46.52
15.271,0.000,0.000,81.47,46.69
15.271,0.000,0.000,81.47,46.69
15.273,0.000,0.000,81.54,47.19
15.273,0.000,0.000,81.54,47.19
15.287,0.000,0.000,81.60,47.69
15.287,0.000,0.000,81.60,47.69
15.318,0.000,0.000,81.70,47.97
15.318,0.000,0.000,81.70,47.97
15.320,0.000,0.000,81.80,48.12
15.320,0.000,0.000,81.80,48.12
15.334,0.000,0.000,81.86,48.42
15.334,0.000,0.000,81.86,48.42
15.350,0.000,0.000,81.85,48.67
15.350,0.000,0.000,81.85,48.67
15.371,0.000,0.000,81.89,48.74
15.371,0.000,0.000,81.89,48.74
15.382,0.000,0.000,81.97,48.81
15.382,0.000,0.000,81.97,48.81
15.399,0.000,0.000,81.99,49.09
15.399,0.000,0.000,81.99,49.09
15.421,0.000,0.000,81.93,49.45
15.421,0.000,0.000,81.93,49.45
15.431,0.000,0.000,81.81,49.97
15.431,0.000,0.000,81.81,49.97
15.447,0.000,0.000,81.65,50.66
15.447,0.000,0.000,81.65,50.66
15.468,0.000,0.000,81.44,51.63
15.468,0.000,0.000,81.44,51.63
15.479,0.000,0.000,81.17,52.83
15.480,0.000,0.000,81.17,52.83
15.495,0.000,0.000,80.91,53.63
15.495,0.000,0.000,80.91,53.63
15.518,0.000,0.000,80.58,54.27
15.518,0.000,0.000,80.58,54.27
15.527,0.000,0.000,80.01,56.05
15.527,0.000,0.000,80.01,56.05
15.543,0.000,0.000,78.65,61.13
15.543,0.000,0.000,78.65,61.13
15.569,0.000,0.000,77.00,66.28
15.569,0.000,0.000,77.00,66.28
15.575,0.000,0.000,75.65,73.41
15.575,0.000,0.000,75.65,73.41
15.591,0.000,0.000,74.46,78.39
15.591,0.000,0.000,74.46,78.39
15.635,0.000,0.000,73.25,81.83
15.635,0.000,0.000,73.25,81.83
15.635,0.000,0.000,71.81,82.86
15.635,0.000,0.000,71.81,82.86
15.639,0.000,0.000,69.98,85.05
15.639,0.000,0.000,69.98,85.05
15.670,0.000,0.000,67.99,87.56
15.670,0.000,0.000,67.99,87.56
15.672,0.000,0.000,65.93,93.11
15.672,0.000,0.000,65.93,93.11
15.687,0.000,0.000,63.98,98.34
15.687,0.000,0.000,63.98,98.34
15.718,0.000,0.000,62.08,100.00
15.718,0.000,0.000,62.08,100.00
15.727,0.000,0.000,60.20,100.00
15.727,0.000,0.000,60.20,100.00
15.742,0.000,0.000,58.41,97.69
15.742,0.000,0.000,58.41,97.69
15.759,0.000,0.000,56.51,99.64
15.759,0.000,0.000,56.51,99.64
15.771,0.000,0.000,54.28,100.00
15.771,0.000,0.000,54.28,100.00
15.783,0.000,0.000,52.03,100.00
15.783,0.000,0.000,52.03,100.00
15.799,0.000,0.000,50.07,100.00
15.799,0.000,0.000,50.07,100.00
15.819,0.000,0.000,48.28,99.85
15.819,0.000,0.000,48.28,99.85
15.831,0.000,0.000,46.56,99.42
15.831,0.000,0.000,46.56,99.42
15.847,0.000,0.000,44.76,98.65
15.847,0.000,0.000,44.76,98.65
15.868,0.000,0.000,42.86,93.24
15.868,0.000,0.000,42.86,93.24
15.879,0.000,0.000,41.10,92.68
15.879,0.000,0.000,41.10,92.68
15.895,0.000,0.000,39.58,89.76
15.895,0.000,0.000,39.58,89.76
15.918,0.000,0.000,38.24,85.64
15.918,0.000,0.000,38.24,85.64
15.927,0.000,0.000,37.02,80.85
15.927,0.000,0.000,37.02,80.85
15.943,0.000,0.000,35.83,76.74
15.943,0.000,0.000,35.83,76.74
15.970,0.000,0.000,34.68,69.26
15.970,0.000,0.000,34.68,69.26
15.975,0.000,0.000,33.52,68.12
15.975,0.000,0.000,33.52,68.12
15.992,0.000,0.000,32.46,65.45
15.992,0.000,0.000,32.46,65.45
16.038,0.000,0.000,31.56,62.66
16.038,0.000,0.000,31.56,62.66
16.042,0.000,0.000,30.74,59.52
16.042,0.000,0.000,30.74,59.52
16.044,0.000,0.000,29.94,58.02
16.044,0.000,0.000,29.94,58.02
16.069,0.000,0.000,29.18,54.60
16.069,0.000,0.000,29.18,54.60
16.071,0.000,0.000,28.46,52.35
16.071,0.000,0.000,28.46,52.35
16.086,0.000,0.000,27.83,50.35
16.086,0.000,0.000,27.83,50.35
16.117,0.000,0.000,27.42,48.74
16.117,0.000,0.000,27.42,48.74
16.122,0.000,0.000,27.24,46.22
16.122,0.000,0.000,27.24,46.22
16.134,0.000,0.000,27.41,42.66
16.134,0.000,0.000,27.41,42.66
16.158,0.000,0.000,27.97,39.65
16.158,0.000,0.000,27.97,39.65
16.170,0.000,0.000,28.94,36.29
16.170,0.000,0.000,28.94,36.29
16.183,0.000,0.000,30.38,33.34
16.183,0.000,0.000,30.38,33.34
16.199,0.000,0.000,32.26,31.18
16.199,0.000,0.000,32.26,31.18
16.219,0.000,0.000,34.65,30.21
16.219,0.000,0.000,34.65,30.21
16.230,0.000,0.000,37.31,30.41
16.230,0.000,0.000,37.31,30.41
16.247,0.000,0.000,40.16,31.43
16.247,0.000,0.000,40.16,31.43
16.269,0.000,0.000,43.25,32.26
16.269,0.000,0.000,43.25,32.26
16.279,0.000,0.000,47.19,32.87
16.279,0.000,0.000,47.19,32.87
16.295,0.000,0.000,50.81,33.00
16.296,0.000,0.000,50.81,33.00
16.321,0.000,0.000,54.02,33.00
16.321,0.000,0.000,54.02,33.00
16.327,0.000,0.000,56.48,33.00
16.327,0.000,0.000,56.48,33.00
16.342,0.000,0.000,57.97,33.00
16.342,0.000,0.000,57.97,33.00
16.371,0.000,0.000,59.25,33.00
16.371,0.000,0.000,59.25,33.00
16.374,0.000,0.000,60.50,33.00
16.374,0.000,0.000,60.50,33.00
16.391,0.000,0.000,61.78,33.20
16.391,0.000,0.000,61.78,33.20
16.418,0.000,0.000,63.10,34.36
16.418,0.000,0.000,63.10,34.36
16.423,0.000,0.000,64.57,34.40
16.423,0.000,0.000,64.57,34.40
16.439,0.000,0.000,66.20,33.77
16.439,0.000,0.000,66.20,33.77
16.468,0.000,0.000,68.63,33.57
16.468,0.000,0.000,68.63,33.57
16.471,0.000,0.000,71.43,33.00
16.471,0.000,0.000,71.43,33.00
16.487,0.000,0.000,73.90,33.00
16.487,0.000,0.000,73.90,33.00
16.518,0.000,0.000,76.85,33.00
16.518,0.000,0.000,76.85,33.00
16.520,0.000,0.000,80.19,33.00
16.520,0.000,0.000,80.19,33.00
16.535,0.000,0.000,82.89,33.00
16.535,0.000,0.000,82.89,33.00
16.551,0.000,0.000,84.63,33.00
16.551,0.000,0.000,84.63,33.00
16.570,0.000,0.000,85.58,33.00
16.570,0.000,0.000,85.58,33.00
16.583,0.000,0.000,86.20,33.01
16.583,0.000,0.000,86.20,33.01
16.598,0.000,0.000,86.59,34.74
16.598,0.000,0.000,86.59,34.74
16.620,0.000,0.000,86.89,38.70
16.620,0.000,0.000,86.89,38.70
16.631,0.000,0.000,87.38,41.40
16.631,0.000,0.000,87.38,41.40
16.647,0.000,0.000,87.83,42.62
16.647,0.000,0.000,87.83,42.62
16.668,0.000,0.000,88.42,42.90
16.668,0.000,0.000,88.42,42.90
16.679,0.000,0.000,89.17,41.80
16.679,0.000,0.000,89.17,41.80
16.695,0.000,0.000,90.28,39.74
16.695,0.000,0.000,90.28,39.74
16.719,0.000,0.000,91.64,38.31
16.719,0.000,0.000,91.64,38.31
16.728,0.000,0.000,92.62,37.23
16.728,0.000,0.000,92.62,37.23
16.744,0.000,0.000,93.29,36.95
16.744,0.000,0.000,93.29,36.95
16.769,0.000,0.000,93.57,38.01
16.769,0.000,0.000,93.57,38.01
16.774,0.000,0.000,93.74,39.90
16.774,0.000,0.000,93.74,39.90
16.791,0.000,0.000,93.87,42.72
16.791,0.000,0.000,93.87,42.72
16.818,0.000,0.000,94.03,45.18
16.818,0.000,0.000,94.03,45.18
16.823,0.000,0.000,94.44,45.95
16.823,0.000,0.000,94.44,45.95
16.839,0.000,0.000,93.49,49.95
16.839,0.000,0.000,93.49,49.95
16.870,0.000,0.000,91.98,55.63
16.870,0.000,0.000,91.98,55.63
16.872,0.000,0.000,91.59,58.23
16.872,0.000,0.000,91.59,58.23
16.886,0.000,0.000,91.28,60.25
16.886,0.000,0.000,91.28,60.25
16.909,0.000,0.000,90.98,63.57
16.909,0.000,0.000,90.98,63.57
16.922,0.000,0.000,90.72,60.13
16.922,0.000,0.000,90.72,60.13
16.935,0.000,0.000,90.61,55.22
16.935,0.000,0.000,90.61,55.22
16.959,0.000,0.000,90.51,53.64
16.959,0.000,0.000,90.51,53.64
16.972,0.000,0.000,90.17,53.72
16.972,0.000,0.000,90.17,53.72
16.983,0.000,0.000,89.61,54.85
16.983,0.000,0.000,89.61,54.85
16.999,0.000,0.000,88.82,57.36
16.999,0.000,0.000,88.82,57.36
17.042,0.000,0.000,87.96,58.93
17.042,0.000,0.000,87.96,58.93
17.042,0.000,0.000,86.97,67.84
17.042,0.000,0.000,86.97,67.84
17.046,0.000,0.000,85.81,74.02
17.046,0.000,0.000,85.81,74.02
17.069,0.000,0.000,84.48,76.87
17.069,0.000,0.000,84.48,76.87
17.079,0.000,0.000,83.07,81.95
17.079,0.000,0.000,83.07,81.95
17.095,0.000,0.000,81.44,88.70
17.095,0.000,0.000,81.44,88.70
17.119,0.000,0.000,79.75,86.01
17.119,0.000,0.000,79.75,86.01
17.127,0.000,0.000,78.10,88.01
17.127,0.000,0.000,78.10,88.01
17.143,0.000,0.000,76.21,93.40
17.143,0.000,0.000,76.21,93.40
17.192,0.000,0.000,74.11,94.88
17.192,0.000,0.000,74.11,94.88
17.192,0.000,0.000,71.77,99.85
17.192,0.000,0.000,71.77,99.85
17.196,0.000,0.000,69.08,100.00
17.196,0.000,0.000,69.08,100.00
17.224,0.000,0.000,65.95,100.00
17.224,0.000,0.000,65.95,100.00
17.225,0.000,0.000,62.58,100.00
17.225,0.000,0.000,62.58,100.00
17.239,0.000,0.000,59.28,100.00
17.239,0.000,0.000,59.28,100.00
17.268,0.000,0.000,56.05,100.00
17.268,0.000,0.000,56.05,100.00
17.271,0.000,0.000,52.82,100.00
17.271,0.000,0.000,52.82,100.00
17.287,0.000,0.000,49.54,99.99
17.287,0.000,0.000,49.54,99.99
17.318,0.000,0.000,46.19,99.28
17.318,0.000,0.000,46.19,99.28
17.320,0.000,0.000,42.95,97.56
17.320,0.000,0.000,42.95,97.56
17.335,0.000,0.000,40.22,95.31
17.335,0.000,0.000,40.22,95.31
17.360,0.000,0.000,37.78,92.72
17.360,0.000,0.000,37.78,92.72
17.374,0.000,0.000,35.58,89.91
17.374,0.000,0.000,35.58,89.91
17.383,0.000,0.000,33.54,86.92
17.383,0.000,0.000,33.54,86.92
17.399,0.000,0.000,31.58,83.72
17.399,0.000,0.000,31.58,83.72
17.420,0.000,0.000,30.00,80.90
17.420,0.000,0.000,30.00,80.90
17.431,0.000,0.000,28.79,76.74
17.431,0.000,0.000,28.79,76.74
17.447,0.000,0.000,27.78,70.05
17.447,0.000,0.000,27.78,70.05
17.468,0.000,0.000,26.95,60.71
17.468,0.000,0.000,26.95,60.71
17.478,0.000,0.000,26.41,53.83
17.478,0.000,0.000,26.41,53.83
17.495,0.000,0.000,26.15,49.19
17.495,0.000,0.000,26.15,49.19
17.519,0.000,0.000,26.12,44.13
17.519,0.000,0.000,26.12,44.13
17.527,0.000,0.000,26.40,40.45
17.527,0.000,0.000,26.40,40.45
17.543,0.000,0.000,27.02,37.08
17.543,0.000,0.000,27.02,37.08
17.570,0.000,0.000,27.98,34.86
17.570,0.000,0.000,27.98,34.86
17.575,0.000,0.000,29.50,31.38
17.575,0.000,0.000,29.50,31.38
17.591,0.000,0.000,31.42,29.83
17.591,0.000,0.000,31.42,29.83
17.617,0.000,0.000,33.48,29.37
17.617,0.000,0.000,33.48,29.37
17.623,0.000,0.000,35.81,29.81
17.623,0.000,0.000,35.81,29.81
17.639,0.000,0.000,38.50,30.87
17.639,0.000,0.000,38.50,30.87
17.669,0.000,0.000,41.50,31.83
17.669,0.000,0.000,41.50,31.83
17.671,0.000,0.000,44.69,32.54
17.671,0.000,0.000,44.69,32.54
17.687,0.000,0.000,48.02,32.94
17.687,0.000,0.000,48.02,32.94
17.719,0.000,0.000,51.38,33.00
17.719,0.000,0.000,51.38,33.00
17.721,0.000,0.000,54.50,33.00
17.721,0.000,0.000,54.50,33.00
17.734,0.000,0.000,57.23,33.00
17.734,0.000,0.000,57.23,33.00
17.758,0.000,0.000,59.73,33.00
17.758,0.000,0.000,59.73,33.00
17.769,0.000,0.000,62.28,33.00
17.769,0.000,0.000,62.28,33.00
17.782,0.000,0.000,64.93,33.00
17.782,0.000,0.000,64.93,33.00
17.798,0.000,0.000,67.62,33.00
17.798,0.000,0.000,67.62,33.00
17.818,0.000,0.000,70.19,33.00
17.818,0.000,0.000,70.19,33.00
17.831,0.000,0.000,72.43,33.00
17.831,0.000,0.000,72.43,33.00
17.847,0.000,0.000,74.24,33.00
17.847,0.000,0.000,74.24,33.00
17.893,0.000,0.000,75.74,33.00
17.893,0.000,0.000,75.74,33.00
17.893,0.000,0.000,77.29,33.00
17.893,0.000,0.000,77.29,33.00
17.897,0.000,0.000,78.84,33.05
17.897,0.000,0.000,78.84,33.05
17.919,0.000,0.000,80.39,33.34
17.919,0.000,0.000,80.39,33.34
17.928,0.000,0.000,82.07,33.33
17.928,0.000,0.000,82.07,33.33
17.943,0.000,0.000,83.81,33.09
17.943,0.000,0.000,83.81,33.09
17.967,0.000,0.000,85.38,33.43
17.967,0.000,0.000,85.38,33.43
17.974,0.000,0.000,87.07,33.26
17.974,0.000,0.000,87.07,33.26
17.991,0.000,0.000,88.81,33.16
17.991,0.000,0.000,88.81,33.16
18.019,0.000,0.000,90.09,33.44
18.019,0.000,0.000,90.09,33.44
18.023,0.000,0.000,91.19,33.85
18.023,0.000,0.000,91.19,33.85
18.039,0.000,0.000,92.59,33.91
18.039,0.000,0.000,92.59,33.91
18.068,0.000,0.000,93.68,34.70
18.068,0.000,0.000,93.68,34.70
18.070,0.000,0.000,94.20,36.16
18.070,0.000,0.000,94.20,36.16
18.087,0.000,0.000,94.53,37.70
18.087,0.000,0.000,94.53,37.70
18.118,0.000,0.000,94.57,40.01
18.118,0.000,0.000,94.57,40.01
18.122,0.000,0.000,94.49,43.62
18.122,0.000,0.000,94.49,43.62
18.135,0.000,0.000,94.35,47.53
18.135,0.000,0.000,94.35,47.53
18.150,0.000,0.000,94.09,50.22
18.150,0.000,0.000,94.09,50.22
18.171,0.000,0.000,93.74,52.57
18.171,0.000,0.000,93.74,52.57
18.183,0.000,0.000,93.34,54.37
18.183,0.000,0.000,93.34,54.37
18.199,0.000,0.000,92.85,56.06
18.199,0.000,0.000,92.85,56.06
18.217,0.000,0.000,92.17,58.23
18.217,0.000,0.000,92.17,58.23
18.231,0.000,0.000,91.19,61.32
18.231,0.000,0.000,91.19,61.32
18.247,0.000,0.000,90.00,65.31
18.247,0.000,0.000,90.00,65.31
18.268,0.000,0.000,88.41,71.48
18.268,0.000,0.000,88.41,71.48
18.278,0.000,0.000,86.50,79.71
18.278,0.000,0.000,86.50,79.71
18.296,0.000,0.000,84.76,85.36
18.296,0.000,0.000,84.76,85.36
18.346,0.000,0.000,82.74,88.72
18.347,0.000,0.000,82.74,88.72
18.347,0.000,0.000,80.57,99.14
18.347,0.000,0.000,80.57,99.14
18.349,0.000,0.000,78.34,100.00
18.349,0.000,0.000,78.34,100.00
18.369,0.000,0.000,75.96,100.00
18.369,0.000,0.000,75.96,100.00
18.375,0.000,0.000,73.64,100.00
18.375,0.000,0.000,73.64,100.00
18.391,0.000,0.000,71.46,100.00
18.391,0.000,0.000,71.46,100.00
18.418,0.000,0.000,69.33,100.00
18.418,0.000,0.000,69.33,100.00
18.423,0.000,0.000,67.26,100.00
18.423,0.000,0.000,67.26,100.00
18.439,0.000,0.000,64.96,100.00
18.439,0.000,0.000,64.96,100.00
18.468,0.000,0.000,62.56,100.00
18.468,0.000,0.000,62.56,100.00
18.470,0.000,0.000,60.22,100.00
18.470,0.000,0.000,60.22,100.00
18.487,0.000,0.000,57.97,100.00
18.487,0.000,0.000,57.97,100.00
18.524,0.000,0.000,55.63,100.00
18.524,0.000,0.000,55.63,100.00
18.530,0.000,0.000,53.02,100.00
18.531,0.000,0.000,53.02,100.00
18.535,0.000,0.000,50.24,100.00
18.536,0.000,0.000,50.24,100.00
18.553,0.000,0.000,47.55,99.70
18.554,0.000,0.000,47.55,99.70
18.586,0.000,0.000,44.96,98.75
18.587,0.000,0.000,44.96,98.75
18.587,0.000,0.000,42.45,97.20
18.587,0.000,0.000,42.45,97.20
18.599,0.000,0.000,40.10,95.20
18.599,0.000,0.000,40.10,95.20
18.618,0.000,0.000,38.00,92.98
18.618,0.000,0.000,38.00,92.98
18.631,0.000,0.000,36.07,90.58
18.631,0.000,0.000,36.07,90.58
18.647,0.000,0.000,34.18,87.89
18.647,0.000,0.000,34.18,87.89
18.668,0.000,0.000,32.27,84.88
18.668,0.000,0.000,32.27,84.88
18.679,0.000,0.000,30.97,80.14
18.679,0.000,0.000,30.97,80.14
18.696,0.000,0.000,30.47,70.71
18.696,0.000,0.000,30.47,70.71
18.720,0.000,0.000,30.50,61.33
18.720,0.000,0.000,30.50,61.33
18.727,0.000,0.000,30.97,51.39
18.727,0.000,0.000,30.97,51.39
18.743,0.000,0.000,31.85,42.55
18.743,0.000,0.000,31.85,42.55
18.771,0.000,0.000,33.19,36.71
18.771,0.000,0.000,33.19,36.71
18.774,0.000,0.000,34.97,33.38
18.774,0.000,0.000,34.97,33.38
18.791,0.000,0.000,37.15,31.78
18.791,0.000,0.000,37.15,31.78
18.819,0.000,0.000,39.57,31.50
18.820,0.000,0.000,39.57,31.50
18.823,0.000,0.000,42.06,31.98
18.823,0.000,0.000,42.06,31.98
18.839,0.000,0.000,44.72,32.55
18.839,0.000,0.000,44.72,32.55
18.885,0.000,0.000,47.63,32.91
18.885,0.000,0.000,47.63,32.91
18.892,0.000,0.000,50.83,33.00
18.892,0.000,0.000,50.83,33.00
18.893,0.000,0.000,54.19,33.00
18.893,0.000,0.000,54.19,33.00
18.918,0.000,0.000,57.53,33.00
18.918,0.000,0.000,57.53,33.00
18.920,0.000,0.000,60.29,33.00
18.920,0.000,0.000,60.29,33.00
18.935,0.000,0.000,62.50,33.00
18.935,0.000,0.000,62.50,33.00
18.951,0.000,0.000,64.59,33.00
18.951,0.000,0.000,64.59,33.00
18.969,0.000,0.000,66.70,33.00
18.969,0.000,0.000,66.70,33.00
18.983,0.000,0.000,68.74,33.00
18.983,0.000,0.000,68.74,33.00
18.998,0.000,0.000,70.69,33.00
18.998,0.000,0.000,70.69,33.00
19.020,0.000,0.000,72.69,33.00
19.020,0.000,0.000,72.69,33.00
19.031,0.000,0.000,78.11,33.00
19.031,0.000,0.000,78.11,33.00
19.047,0.000,0.000,82.37,33.00
19.047,0.000,0.000,82.37,33.00
19.069,0.000,0.000,84.10,33.00
19.069,0.000,0.000,84.10,33.00
19.079,0.000,0.000,85.55,33.00
19.079,0.000,0.000,85.55,33.00
19.095,0.000,0.000,86.55,33.00
19.095,0.000,0.000,86.55,33.00
19.118,0.000,0.000,87.47,33.01
19.118,0.000,0.000,87.47,33.01
19.128,0.000,0.000,88.40,35.30
19.128,0.000,0.000,88.40,35.30
19.143,0.000,0.000,89.31,36.00
19.143,0.000,0.000,89.31,36.00
19.168,0.000,0.000,90.06,37.87
19.168,0.000,0.000,90.06,37.87
19.175,0.000,0.000,90.66,38.48
19.175,0.000,0.000,90.66,38.48
19.191,0.000,0.000,91.21,39.06
19.191,0.000,0.000,91.21,39.06
19.218,0.000,0.000,91.74,40.04
19.218,0.000,0.000,91.74,40.04
19.223,0.000,0.000,92.15,41.33
19.223,0.000,0.000,92.15,41.33
19.239,0.000,0.000,92.56,41.86
19.239,0.000,0.000,92.56,41.86
19.270,0.000,0.000,93.16,42.12
19.270,0.000,0.000,93.16,42.12
19.272,0.000,0.000,93.68,42.31
19.272,0.000,0.000,93.68,42.31
19.287,0.000,0.000,93.99,42.83
19.287,0.000,0.000,93.99,42.83
19.318,0.000,0.000,94.23,43.27
19.318,0.000,0.000,94.23,43.27
19.319,0.000,0.000,94.44,43.87
19.319,0.000,0.000,94.44,43.87
19.335,0.000,0.000,94.71,44.83
19.335,0.000,0.000,94.71,44.83
19.358,0.000,0.000,94.88,45.81
19.358,0.000,0.000,94.88,45.81
19.369,0.000,0.000,94.90,46.72
19.369,0.000,0.000,94.90,46.72
19.384,0.000,0.000,94.89,47.54
19.384,0.000,0.000,94.89,47.54
19.400,0.000,0.000,94.92,48.13
19.400,0.000,0.000,94.92,48.13
19.440,0.000,0.000,94.96,48.91
19.440,0.000,0.000,94.96,48.91
19.440,0.000,0.000,95.03,49.23
19.440,0.000,0.000,95.03,49.23
19.447,0.000,0.000,95.00,49.44
19.447,0.000,0.000,95.00,49.44
19.468,0.000,0.000,94.80,50.09
19.468,0.000,0.000,94.80,50.09
19.479,0.000,0.000,94.49,51.27
19.479,0.000,0.000,94.49,51.27
19.496,0.000,0.000,94.05,53.02
19.496,0.000,0.000,94.05,53.02
19.518,0.000,0.000,93.46,55.64
19.518,0.000,0.000,93.46,55.64
19.526,0.000,0.000,92.86,58.16
19.526,0.000,0.000,92.86,58.16
19.544,0.000,0.000,92.27,59.67
19.544,0.000,0.000,92.27,59.67
19.570,0.000,0.000,91.39,61.51
19.570,0.000,0.000,91.39,61.51
19.574,0.000,0.000,90.22,67.33
19.574,0.000,0.000,90.22,67.33
19.591,0.000,0.000,88.71,71.74
19.591,0.000,0.000,88.71,71.74
19.619,0.000,0.000,86.82,78.13
19.619,0.000,0.000,86.82,78.13
19.622,0.000,0.000,84.72,89.02
19.622,0.000,0.000,84.72,89.02
19.639,0.000,0.000,82.33,99.82
19.639,0.000,0.000,82.33,99.82
19.667,0.000,0.000,79.37,100.00
19.667,0.000,0.000,79.37,100.00
19.671,0.000,0.000,76.69,100.00
19.671,0.000,0.000,76.69,100.00
19.687,0.000,0.000,74.62,100.00
19.687,0.000,0.000,74.62,100.00
19.719,0.000,0.000,73.12,100.00
19.719,0.000,0.000,73.12,100.00
19.721,0.000,0.000,71.66,100.00
19.721,0.000,0.000,71.66,100.00
19.735,0.000,0.000,70.07,100.00
19.735,0.000,0.000,70.07,100.00
19.785,0.000,0.000,68.46,89.42
19.785,0.000,0.000,68.46,89.42
19.808,0.000,0.000,67.02,85.93
19.808,0.000,0.000,67.02,85.93
19.808,0.000,0.000,65.54,87.61
19.808,0.000,0.000,65.54,87.61
19.809,0.000,0.000,63.89,85.83
19.809,0.000,0.000,63.89,85.83
19.832,0.000,0.000,62.06,92.46
19.832,0.000,0.000,62.06,92.46
19.833,0.000,0.000,60.23,94.89
19.833,0.000,0.000,60.23,94.89
19.847,0.000,0.000,58.39,97.86
19.847,0.000,0.000,58.39,97.86
19.872,0.000,0.000,56.65,96.10
19.872,0.000,0.000,56.65,96.10
19.880,0.000,0.000,55.05,100.00
19.880,0.000,0.000,55.05,100.00
19.896,0.000,0.000,53.52,93.36
19.896,0.000,0.000,53.52,93.36
19.919,0.000,0.000,52.08,90.70
19.919,0.000,0.000,52.08,90.70
19.927,0.000,0.000,50.73,88.11
19.927,0.000,0.000,50.73,88.11
19.944,0.000,0.000,49.50,86.30
19.944,0.000,0.000,49.50,86.30
19.971,0.000,0.000,48.42,79.42
19.971,0.000,0.000,48.42,79.42
19.975,0.000,0.000,47.20,81.02
19.975,0.000,0.000,47.20,81.02
19.991,0.000,0.000,46.33,77.85
19.991,0.000,0.000,46.33,77.85
20.020,0.000,0.000,45.35,74.18
20.020,0.000,0.000,45.35,74.18
20.023,0.000,0.000,44.54,72.32
20.023,0.000,0.000,44.54,72.32
20.038,0.000,0.000,43.96,70.77
20.038,0.000,0.000,43.96,70.77
20.070,0.000,0.000,43.61,63.11
20.070,0.000,0.000,43.61,63.11
20.072,0.000,0.000,43.53,59.65
20.072,0.000,0.000,43.53,59.65
20.087,0.000,0.000,43.69,55.03
20.087,0.000,0.000,43.69,55.03
20.122,0.000,0.000,44.16,50.29
20.122,0.000,0.000,44.16,50.29
20.123,0.000,0.000,45.18,44.70
20.123,0.000,0.000,45.18,44.70
20.135,0.000,0.000,46.92,39.85
20.135,0.000,0.000,46.92,39.85
20.152,0.000,0.000,48.87,36.18
20.152,0.000,0.000,48.87,36.18
20.172,0.000,0.000,51.05,33.99
20.172,0.000,0.000,51.05,33.99
20.183,0.000,0.000,53.46,33.00
20.183,0.000,0.000,53.46,33.00
20.199,0.000,0.000,56.47,33.00
20.199,0.000,0.000,56.47,33.00
20.220,0.000,0.000,60.53,33.00
20.220,0.000,0.000,60.53,33.00
20.231,0.000,0.000,65.02,33.00
20.231,0.000,0.000,65.02,33.00
20.247,0.000,0.000,68.93,33.00
20.247,0.000,0.000,68.93,33.00
20.269,0.000,0.000,71.94,33.00
20.269,0.000,0.000,71.94,33.00
20.279,0.000,0.000,73.79,33.00
20.279,0.000,0.000,73.79,33.00
20.295,0.000,0.000,75.15,33.00
20.295,0.000,0.000,75.15,33.00
20.319,0.000,0.000,76.37,33.00
20.319,0.000,0.000,76.37,33.00
20.327,0.000,0.000,77.52,33.17
20.327,0.000,0.000,77.52,33.17
20.343,0.000,0.000,78.45,34.77
20.344,0.000,0.000,78.45,34.77
20.368,0.000,0.000,79.10,36.52
20.368,0.000,0.000,79.10,36.52
20.374,0.000,0.000,79.68,37.52
20.374,0.000,0.000,79.68,37.52
20.391,0.000,0.000,80.50,38.23
20.391,0.000,0.000,80.50,38.23
20.420,0.000,0.000,81.67,38.51
20.420,0.000,0.000,81.67,38.51
20.422,0.000,0.000,83.19,37.04
20.422,0.000,0.000,83.19,37.04
20.438,0.000,0.000,85.06,35.08
20.438,0.000,0.000,85.06,35.08
20.470,0.000,0.000,87.45,33.60
20.470,0.000,0.000,87.45,33.60
20.471,0.000,0.000,90.10,33.00
20.471,0.000,0.000,90.10,33.00
20.487,0.000,0.000,92.96,33.00
20.487,0.000,0.000,92.96,33.00
20.504,0.000,0.000,95.39,33.00
20.504,0.000,0.000,95.39,33.00
20.542,0.000,0.000,96.17,33.00
20.542,0.000,0.000,96.17,33.00
20.542,0.000,0.000,96.32,33.13
20.542,0.000,0.000,96.32,33.13
20.558,0.000,0.000,96.47,34.91
20.558,0.000,0.000,96.47,34.91
20.569,0.000,0.000,96.52,39.89
20.569,0.000,0.000,96.52,39.89
20.583,0.000,0.000,96.54,46.37
20.583,0.000,0.000,96.54,46.37
20.599,0.000,0.000,96.58,47.94
20.599,0.000,0.000,96.58,47.94
20.620,0.000,0.000,96.71,48.47
20.620,0.000,0.000,96.71,48.47
20.631,0.000,0.000,95.91,52.26
20.631,0.000,0.000,95.91,52.26
20.647,0.000,0.000,96.04,51.96
20.647,0.000,0.000,96.04,51.96
20.670,0.000,0.000,96.07,51.92
20.670,0.000,0.000,96.07,51.92
20.679,0.000,0.000,95.05,56.11
20.679,0.000,0.000,95.05,56.11
20.695,0.000,0.000,93.42,63.65
20.695,0.000,0.000,93.42,63.65
20.720,0.000,0.000,93.48,59.24
20.720,0.000,0.000,93.48,59.24
20.727,0.000,0.000,95.28,51.02
20.727,0.000,0.000,95.28,51.02
20.742,0.000,0.000,95.94,48.74
20.742,0.000,0.000,95.94,48.74
20.770,0.000,0.000,95.05,48.24
20.770,0.000,0.000,95.05,48.24
20.775,0.000,0.000,94.62,44.58
20.775,0.000,0.000,94.62,44.58
20.791,0.000,0.000,94.91,43.84
20.791,0.000,0.000,94.91,43.84
20.820,0.000,0.000,95.58,48.76
20.820,0.000,0.000,95.58,48.76
20.823,0.000,0.000,95.91,49.84
20.823,0.000,0.000,95.91,49.84
20.838,0.000,0.000,95.60,47.90
20.838,0.000,0.000,95.60,47.90
20.871,0.000,0.000,95.10,47.84
20.871,0.000,0.000,95.10,47.84
20.872,0.000,0.000,92.62,61.49
20.872,0.000,0.000,92.62,61.49
20.886,0.000,0.000,90.75,74.38
20.886,0.000,0.000,90.75,74.38
20.920,0.000,0.000,89.07,85.40
20.920,0.000,0.000,89.07,85.40
20.922,0.000,0.000,87.46,93.46
20.922,0.000,0.000,87.46,93.46
20.936,0.000,0.000,85.60,100.00
20.936,0.000,0.000,85.60,100.00
20.958,0.000,0.000,83.78,94.84
20.958,0.000,0.000,83.78,94.84
20.970,0.000,0.000,81.95,93.07
20.970,0.000,0.000,81.95,93.07
20.983,0.000,0.000,80.16,96.10
20.983,0.000,0.000,80.16,96.10
20.999,0.000,0.000,78.33,97.85
20.999,0.000,0.000,78.33,97.85
21.020,0.000,0.000,76.45,97.81
21.020,0.000,0.000,76.45,97.81
21.031,0.000,0.000,74.38,99.12
21.031,0.000,0.000,74.38,99.12
21.047,0.000,0.000,71.98,100.00
21.047,0.000,0.000,71.98,100.00
21.068,0.000,0.000,69.43,100.00
21.068,0.000,0.000,69.43,100.00
21.080,0.000,0.000,67.10,100.00
21.080,0.000,0.000,67.10,100.00
21.096,0.000,0.000,64.79,100.00
21.096,0.000,0.000,64.79,100.00
21.141,0.000,0.000,62.40,100.00
21.141,0.000,0.000,62.40,100.00
21.141,0.000,0.000,59.87,100.00
21.141,0.000,0.000,59.87,100.00
21.143,0.000,0.000,57.53,100.00
21.143,0.000,0.000,57.53,100.00
21.170,0.000,0.000,55.44,100.00
21.170,0.000,0.000,55.44,100.00
21.175,0.000,0.000,53.38,100.00
21.175,0.000,0.000,53.38,100.00
21.191,0.000,0.000,51.49,100.00
21.191,0.000,0.000,51.49,100.00
21.220,0.000,0.000,49.78,100.00
21.220,0.000,0.000,49.78,100.00
21.222,0.000,0.000,48.48,96.32
21.222,0.000,0.000,48.48,96.32
21.239,0.000,0.000,47.58,87.66
21.239,0.000,0.000,47.58,87.66
21.268,0.000,0.000,47.24,77.84
21.268,0.000,0.000,47.24,77.84
21.271,0.000,0.000,47.51,66.39
21.271,0.000,0.000,47.51,66.39
21.286,0.000,0.000,48.39,55.03
21.286,0.000,0.000,48.39,55.03
21.320,0.000,0.000,49.84,45.47
21.320,0.000,0.000,49.84,45.47
21.321,0.000,0.000,51.76,38.54
21.321,0.000,0.000,51.76,38.54
21.335,0.000,0.000,54.36,34.00
21.335,0.000,0.000,54.36,34.00
21.357,0.000,0.000,57.69,33.00
21.357,0.000,0.000,57.69,33.00
21.370,0.000,0.000,61.35,33.00
21.370,0.000,0.000,61.35,33.00
21.383,0.000,0.000,64.82,33.00
21.383,0.000,0.000,64.82,33.00
21.399,0.000,0.000,67.77,33.00
21.399,0.000,0.000,67.77,33.00
21.420,0.000,0.000,70.20,33.00
21.420,0.000,0.000,70.20,33.00
21.431,0.000,0.000,72.01,33.00
21.431,0.000,0.000,72.01,33.00
21.447,0.000,0.000,73.35,33.00
21.447,0.000,0.000,73.35,33.00
21.470,0.000,0.000,74.50,33.00
21.470,0.000,0.000,74.50,33.00
21.479,0.000,0.000,75.67,33.50
21.479,0.000,0.000,75.67,33.50
21.496,0.000,0.000,76.99,34.43
21.496,0.000,0.000,76.99,34.43
21.518,0.000,0.000,78.60,34.79
21.518,0.000,0.000,78.60,34.79
21.526,0.000,0.000,80.36,34.10
21.526,0.000,0.000,80.36,34.10
21.544,0.000,0.000,82.01,33.78
21.544,0.000,0.000,82.01,33.78
21.570,0.000,0.000,83.50,33.78
21.570,0.000,0.000,83.50,33.78
21.574,0.000,0.000,85.11,33.15
21.574,0.000,0.000,85.11,33.15
21.591,0.000,0.000,86.88,33.11
21.591,0.000,0.000,86.88,33.11
21.620,0.000,0.000,88.93,33.11
21.620,0.000,0.000,88.93,33.11
21.623,0.000,0.000,90.85,33.02
21.623,0.000,0.000,90.85,33.02
21.639,0.000,0.000,91.90,33.04
21.639,0.000,0.000,91.90,33.04
21.670,0.000,0.000,92.00,34.44
21.670,0.000,0.000,92.00,34.44
21.672,0.000,0.000,91.40,38.10
21.672,0.000,0.000,91.40,38.10
21.687,0.000,0.000,90.40,45.33
21.687,0.000,0.000,90.40,45.33
21.710,0.000,0.000,89.20,56.67
21.710,0.000,0.000,89.20,56.67
21.723,0.000,0.000,87.66,68.24
21.723,0.000,0.000,87.66,68.24
21.734,0.000,0.000,85.63,80.78
21.734,0.000,0.000,85.63,80.78
21.752,0.000,0.000,83.16,90.08
21.752,0.000,0.000,83.16,90.08
21.771,0.000,0.000,80.74,99.02
21.771,0.000,0.000,80.74,99.02
21.783,0.000,0.000,78.51,100.00
21.783,0.000,0.000,78.51,100.00
21.799,0.000,0.000,76.43,100.00
21.799,0.000,0.000,76.43,100.00
21.819,0.000,0.000,74.14,100.00
21.819,0.000,0.000,74.14,100.00
21.831,0.000,0.000,71.66,100.00
21.831,0.000,0.000,71.66,100.00
21.847,0.000,0.000,69.08,100.00
21.847,0.000,0.000,69.08,100.00
21.870,0.000,0.000,66.60,100.00
21.870,0.000,0.000,66.60,100.00
21.879,0.000,0.000,64.30,100.00
21.879,0.000,0.000,64.30,100.00
21.895,0.000,0.000,62.17,100.00
21.895,0.000,0.000,62.17,100.00
21.920,0.000,0.000,60.32,100.00
21.920,0.000,0.000,60.32,100.00
21.927,0.000,0.000,58.59,100.00
21.927,0.000,0.000,58.59,100.00
21.944,0.000,0.000,56.83,100.00
21.944,0.000,0.000,56.83,100.00
21.992,0.000,0.000,55.07,97.94
21.992,0.000,0.000,55.07,97.94
21.992,0.000,0.000,53.41,94.30
21.992,0.000,0.000,53.41,94.30
21.994,0.000,0.000,51.84,94.29
21.994,0.000,0.000,51.84,94.29
22.018,0.000,0.000,50.34,90.89
22.018,0.000,0.000,50.34,90.89
22.023,0.000,0.000,48.90,89.22
22.023,0.000,0.000,48.90,89.22
22.039,0.000,0.000,47.50,86.40
22.039,0.000,0.000,47.50,86.40
22.068,0.000,0.000,46.10,85.30
22.068,0.000,0.000,46.10,85.30
22.071,0.000,0.000,44.80,83.03
22.071,0.000,0.000,44.80,83.03
22.086,0.000,0.000,43.68,79.84
22.086,0.000,0.000,43.68,79.84
22.121,0.000,0.000,42.95,75.18
22.121,0.000,0.000,42.95,75.18
22.122,0.000,0.000,42.82,68.21
22.122,0.000,0.000,42.82,68.21
22.135,0.000,0.000,43.14,59.77
22.135,0.000,0.000,43.14,59.77
22.158,0.000,0.000,43.92,51.80
22.158,0.000,0.000,43.92,51.80
22.170,0.000,0.000,45.24,44.35
22.170,0.000,0.000,45.24,44.35
22.183,0.000,0.000,47.00,38.22
22.183,0.000,0.000,47.00,38.22
22.199,0.000,0.000,49.01,34.95
22.199,0.000,0.000,49.01,34.95
22.221,0.000,0.000,51.11,33.45
22.221,0.000,0.000,51.11,33.45
22.231,0.000,0.000,53.40,33.00
22.231,0.000,0.000,53.40,33.00
22.247,0.000,0.000,55.91,33.00
22.247,0.000,0.000,55.91,33.00
22.269,0.000,0.000,58.66,33.00
22.269,0.000,0.000,58.66,33.00
22.279,0.000,0.000,61.29,33.00
22.279,0.000,0.000,61.29,33.00
22.296,0.000,0.000,63.63,33.00
22.296,0.000,0.000,63.63,33.00
22.319,0.000,0.000,65.64,33.00
22.319,0.000,0.000,65.64,33.00
22.327,0.000,0.000,67.21,33.00
22.327,0.000,0.000,67.21,33.00
22.343,0.000,0.000,68.54,33.00
22.343,0.000,0.000,68.54,33.00
22.370,0.000,0.000,69.81,33.38
22.370,0.000,0.000,69.81,33.38
22.374,0.000,0.000,71.06,33.62
22.374,0.000,0.000,71.06,33.62
22.390,0.000,0.000,72.30,34.15
22.390,0.000,0.000,72.30,34.15
22.420,0.000,0.000,73.37,34.94
22.420,0.000,0.000,73.37,34.94
22.422,0.000,0.000,74.43,35.10
22.422,0.000,0.000,74.43,35.10
22.439,0.000,0.000,75.70,34.85
22.439,0.000,0.000,75.70,34.85
22.496,0.000,0.000,77.36,35.36
22.496,0.000,0.000,77.36,35.36
22.496,0.000,0.000,79.38,35.06
22.496,0.000,0.000,79.38,35.06
22.496,0.000,0.000,81.74,33.00
22.496,0.000,0.000,81.74,33.00
22.520,0.000,0.000,84.38,33.00
22.520,0.000,0.000,84.38,33.00
22.522,0.000,0.000,87.09,33.00
22.522,0.000,0.000,87.09,33.00
22.535,0.000,0.000,89.51,33.00
22.535,0.000,0.000,89.51,33.00
22.550,0.000,0.000,91.30,33.00
22.550,0.000,0.000,91.30,33.00
22.570,0.000,0.000,92.12,33.00
22.571,0.000,0.000,92.12,33.00
22.583,0.000,0.000,92.03,33.10
22.583,0.000,0.000,92.03,33.10
22.598,0.000,0.000,91.19,38.09
22.598,0.000,0.000,91.19,38.09
22.621,0.000,0.000,89.87,48.37
22.621,0.000,0.000,89.87,48.37
22.631,0.000,0.000,88.36,62.00
22.631,0.000,0.000,88.36,62.00
22.647,0.000,0.000,86.76,73.89
22.647,0.000,0.000,86.76,73.89
22.669,0.000,0.000,85.05,83.07
22.669,0.000,0.000,85.05,83.07
22.679,0.000,0.000,83.11,89.71
22.679,0.000,0.000,83.11,89.71
22.695,0.000,0.000,81.04,95.19
22.695,0.000,0.000,81.04,95.19
22.720,0.000,0.000,78.84,97.56
22.720,0.000,0.000,78.84,97.56
22.726,0.000,0.000,76.65,100.00
22.726,0.000,0.000,76.65,100.00
22.743,0.000,0.000,74.57,100.00
22.743,0.000,0.000,74.57,100.00
22.771,0.000,0.000,72.55,100.00
22.771,0.000,0.000,72.55,100.00
22.775,0.000,0.000,70.56,100.00
22.775,0.000,0.000,70.56,100.00
22.791,0.000,0.000,68.63,100.00
22.791,0.000,0.000,68.63,100.00
22.819,0.000,0.000,66.60,100.00
22.819,0.000,0.000,66.60,100.00
22.823,0.000,0.000,64.30,100.00
22.823,0.000,0.000,64.30,100.00
22.839,0.000,0.000,61.91,100.00
22.839,0.000,0.000,61.91,100.00
22.868,0.000,0.000,59.55,100.00
22.868,0.000,0.000,59.55,100.00
22.871,0.000,0.000,57.31,100.00
22.871,0.000,0.000,57.31,100.00
22.887,0.000,0.000,55.33,100.00
22.887,0.000,0.000,55.33,100.00
22.920,0.000,0.000,53.46,100.00
22.920,0.000,0.000,53.46,100.00
22.921,0.000,0.000,51.69,100.00
22.921,0.000,0.000,51.69,100.00
22.935,0.000,0.000,50.03,99.27
22.935,0.000,0.000,50.03,99.27
22.952,0.000,0.000,48.54,94.03
22.952,0.000,0.000,48.54,94.03
22.970,0.000,0.000,47.42,88.05
22.970,0.000,0.000,47.42,88.05
22.983,0.000,0.000,46.79,80.91
22.983,0.000,0.000,46.79,80.91
22.999,0.000,0.000,46.63,72.27
22.999,0.000,0.000,46.63,72.27
23.018,0.000,0.000,46.93,61.89
23.018,0.000,0.000,46.93,61.89
23.031,0.000,0.000,47.67,52.90
23.031,0.000,0.000,47.67,52.90
23.047,0.000,0.000,48.66,45.73
23.047,0.000,0.000,48.66,45.73
23.070,0.000,0.000,49.84,40.89
23.070,0.000,0.000,49.84,40.89
23.079,0.000,0.000,51.24,37.47
23.079,0.000,0.000,51.24,37.47
23.095,0.000,0.000,52.84,35.46
23.096,0.000,0.000,52.84,35.46
23.120,0.000,0.000,54.64,34.49
23.120,0.000,0.000,54.64,34.49
23.127,0.000,0.000,56.62,33.36
23.127,0.000,0.000,56.62,33.36
23.143,0.000,0.000,58.66,33.05
23.143,0.000,0.000,58.66,33.05
23.192,0.000,0.000,60.48,33.01
23.192,0.000,0.000,60.48,33.01
23.192,0.000,0.000,61.88,33.05
23.192,0.000,0.000,61.88,33.05
23.195,0.000,0.000,63.17,33.11
23.195,0.000,0.000,63.17,33.11
23.231,0.000,0.000,64.55,33.85
23.231,0.000,0.000,64.55,33.85
23.232,0.000,0.000,66.21,33.51
23.232,0.000,0.000,66.21,33.51
23.239,0.000,0.000,68.01,33.40
23.239,0.000,0.000,68.01,33.40
23.270,0.000,0.000,69.49,33.43
23.270,0.000,0.000,69.49,33.43
23.271,0.000,0.000,70.59,33.42
23.271,0.000,0.000,70.59,33.42
23.287,0.000,0.000,71.45,33.52
23.287,0.000,0.000,71.45,33.52
23.328,0.000,0.000,72.37,35.01
23.328,0.000,0.000,72.37,35.01
23.342,0.000,0.000,73.45,36.72
23.342,0.000,0.000,73.45,36.72
23.342,0.000,0.000,74.77,34.96
23.342,0.000,0.000,74.77,34.96
23.351,0.000,0.000,76.27,34.70
23.351,0.000,0.000,76.27,34.70
23.376,0.000,0.000,77.86,34.30
23.377,0.000,0.000,77.86,34.30
23.382,0.000,0.000,79.73,33.19
23.382,0.000,0.000,79.73,33.19
23.399,0.000,0.000,81.57,33.00
23.399,0.000,0.000,81.57,33.00
23.420,0.000,0.000,83.02,33.17
23.420,0.000,0.000,83.02,33.17
23.431,0.000,0.000,83.70,33.63
23.431,0.000,0.000,83.70,33.63
23.447,0.000,0.000,83.47,35.06
23.447,0.000,0.000,83.47,35.06
23.469,0.000,0.000,82.53,41.62
23.469,0.000,0.000,82.53,41.62
23.480,0.000,0.000,81.29,50.69
23.480,0.000,0.000,81.29,50.69
23.496,0.000,0.000,79.82,62.45
23.496,0.000,0.000,79.82,62.45
23.520,0.000,0.000,78.04,73.99
23.520,0.000,0.000,78.04,73.99
23.528,0.000,0.000,75.76,87.68
23.528,0.000,0.000,75.76,87.68
23.544,0.000,0.000,73.05,99.58
23.544,0.000,0.000,73.05,99.58
23.569,0.000,0.000,69.95,100.00
23.569,0.000,0.000,69.95,100.00
23.575,0.000,0.000,66.80,100.00
23.575,0.000,0.000,66.80,100.00
23.591,0.000,0.000,63.97,100.00
23.591,0.000,0.000,63.97,100.00
23.627,0.000,0.000,61.65,100.00
23.627,0.000,0.000,61.65,100.00
23.628,0.000,0.000,59.76,100.00
23.628,0.000,0.000,59.76,100.00
23.639,0.000,0.000,58.01,100.00
23.639,0.000,0.000,58.01,100.00
23.684,0.000,0.000,56.21,100.00
23.684,0.000,0.000,56.21,100.00
23.684,0.000,0.000,54.34,100.00
23.684,0.000,0.000,54.34,100.00
23.686,0.000,0.000,52.53,100.00
23.686,0.000,0.000,52.53,100.00
23.719,0.000,0.000,50.88,97.26
23.719,0.000,0.000,50.88,97.26
23.721,0.000,0.000,49.39,94.07
23.721,0.000,0.000,49.39,94.07
23.735,0.000,0.000,48.01,93.34
23.735,0.000,0.000,48.01,93.34
23.758,0.000,0.000,46.85,85.00
23.758,0.000,0.000,46.85,85.00
23.770,0.000,0.000,46.07,78.76
23.770,0.000,0.000,46.07,78.76
23.784,0.000,0.000,45.74,71.96
23.784,0.000,0.000,45.74,71.96
23.799,0.000,0.000,46.01,63.25
23.799,0.000,0.000,46.01,63.25
23.834,0.000,0.000,47.05,52.97
23.834,0.000,0.000,47.05,52.97
23.834,0.000,0.000,48.84,43.52
23.834,0.000,0.000,48.84,43.52
23.847,0.000,0.000,51.46,36.22
23.847,0.000,0.000,51.46,36.22
23.869,0.000,0.000,54.35,33.22
23.869,0.000,0.000,54.35,33.22
23.879,0.000,0.000,57.19,33.00
23.879,0.000,0.000,57.19,33.00
23.895,0.000,0.000,59.87,33.00
23.895,0.000,0.000,59.87,33.00
23.920,0.000,0.000,62.38,33.00
23.920,0.000,0.000,62.38,33.00
23.927,0.000,0.000,64.87,33.00
23.927,0.000,0.000,64.87,33.00
23.943,0.000,0.000,66.89,33.00
23.943,0.000,0.000,66.89,33.00
23.970,0.000,0.000,67.99,33.00
23.970,0.000,0.000,67.99,33.00
23.975,0.000,0.000,68.48,33.16
23.975,0.000,0.000,68.48,33.16
23.991,0.000,0.000,68.92,34.31
23.991,0.000,0.000,68.92,34.31
24.019,0.000,0.000,69.42,37.71
24.019,0.000,0.000,69.42,37.71
24.023,0.000,0.000,69.96,40.86
24.023,0.000,0.000,69.96,40.86
24.039,0.000,0.000,70.47,41.70
24.039,0.000,0.000,70.47,41.70
24.068,0.000,0.000,71.04,42.17
24.068,0.000,0.000,71.04,42.17
24.071,0.000,0.000,71.90,40.81
24.071,0.000,0.000,71.90,40.81
24.087,0.000,0.000,73.40,38.50
24.087,0.000,0.000,73.40,38.50
24.130,0.000,0.000,75.29,36.23
24.130,0.000,0.000,75.29,36.23
24.146,0.000,0.000,76.79,35.45
24.146,0.000,0.000,76.79,35.45
24.146,0.000,0.000,77.23,35.28
24.146,0.000,0.000,77.23,35.28
24.158,0.000,0.000,76.76,37.69
24.158,0.000,0.000,76.76,37.69
24.170,0.000,0.000,75.74,43.34
24.170,0.000,0.000,75.74,43.34
24.183,0.000,0.000,74.33,55.00
24.183,0.000,0.000,74.33,55.00
24.198,0.000,0.000,72.57,67.79
24.198,0.000,0.000,72.57,67.79
24.220,0.000,0.000,70.55,80.53
24.220,0.000,0.000,70.55,80.53
24.231,0.000,0.000,68.14,94.33
24.231,0.000,0.000,68.14,94.33
24.247,0.000,0.000,65.66,100.00
24.247,0.000,0.000,65.66,100.00
24.270,0.000,0.000,63.37,100.00
24.270,0.000,0.000,63.37,100.00
24.279,0.000,0.000,61.44,100.00
24.279,0.000,0.000,61.44,100.00
24.295,0.000,0.000,59.89,100.00
24.296,0.000,0.000,59.89,100.00
24.318,0.000,0.000,58.62,99.49
24.318,0.000,0.000,58.62,99.49
24.327,0.000,0.000,57.66,89.07
24.327,0.000,0.000,57.66,89.07
24.343,0.000,0.000,56.94,79.70
24.343,0.000,0.000,56.94,79.70
24.370,0.000,0.000,56.26,72.05
24.370,0.000,0.000,56.26,72.05
24.375,0.000,0.000,55.39,70.46
24.375,0.000,0.000,55.39,70.46
24.392,0.000,0.000,54.09,70.58
24.392,0.000,0.000,54.09,70.58
24.441,0.000,0.000,52.45,74.01
24.441,0.000,0.000,52.45,74.01
24.446,0.000,0.000,50.80,76.45
24.446,0.000,0.000,50.80,76.45
24.447,0.000,0.000,49.16,86.59
24.447,0.000,0.000,49.16,86.59
24.470,0.000,0.000,47.64,89.76
24.470,0.000,0.000,47.64,89.76
24.472,0.000,0.000,46.18,90.60
24.472,0.000,0.000,46.18,90.60
24.486,0.000,0.000,44.79,88.88
24.486,0.000,0.000,44.79,88.88
24.520,0.000,0.000,43.53,88.49
24.520,0.000,0.000,43.53,88.49
24.521,0.000,0.000,42.62,79.64
24.521,0.000,0.000,42.62,79.64
24.535,0.000,0.000,42.30,71.35
24.535,0.000,0.000,42.30,71.35
24.581,0.000,0.000,42.69,62.77
24.581,0.000,0.000,42.69,62.77
24.596,0.000,0.000,43.72,52.64
24.596,0.000,0.000,43.72,52.64
24.596,0.000,0.000,45.28,44.14
24.596,0.000,0.000,45.28,44.14
24.599,0.000,0.000,47.34,36.50
24.599,0.000,0.000,47.34,36.50
24.620,0.000,0.000,49.76,33.46
24.620,0.000,0.000,49.76,33.46
24.632,0.000,0.000,52.36,33.00
24.632,0.000,0.000,52.36,33.00
24.647,0.000,0.000,54.95,33.00
24.647,0.000,0.000,54.95,33.00
24.670,0.000,0.000,57.55,33.00
24.670,0.000,0.000,57.55,33.00
24.679,0.000,0.000,60.00,33.00
24.679,0.000,0.000,60.00,33.00
24.696,0.000,0.000,62.20,33.00
24.696,0.000,0.000,62.20,33.00
24.718,0.000,0.000,64.17,33.00
24.718,0.000,0.000,64.17,33.00
24.726,0.000,0.000,65.71,33.00
24.726,0.000,0.000,65.71,33.00
24.743,0.000,0.000,66.85,33.02
24.743,0.000,0.000,66.85,33.02
24.770,0.000,0.000,67.83,33.68
24.770,0.000,0.000,67.83,33.68
24.775,0.000,0.000,68.77,34.47
24.775,0.000,0.000,68.77,34.47
24.791,0.000,0.000,69.76,35.52
24.791,0.000,0.000,69.76,35.52
24.819,0.000,0.000,70.76,36.65
24.819,0.000,0.000,70.76,36.65
24.823,0.000,0.000,71.78,36.74
24.823,0.000,0.000,71.78,36.74
24.839,0.000,0.000,72.83,36.30
24.839,0.000,0.000,72.83,36.30
24.868,0.000,0.000,74.05,36.64
24.868,0.000,0.000,74.05,36.64
24.871,0.000,0.000,75.40,35.78
24.871,0.000,0.000,75.40,35.78
24.887,0.000,0.000,76.82,35.14
24.887,0.000,0.000,76.82,35.14
24.920,0.000,0.000,78.25,34.71
24.920,0.000,0.000,78.25,34.71
24.921,0.000,0.000,79.66,34.42
24.921,0.000,0.000,79.66,34.42
24.935,0.000,0.000,81.08,33.96
24.935,0.000,0.000,81.08,33.96
24.951,0.000,0.000,82.60,33.97
24.951,0.000,0.000,82.60,33.97
24.970,0.000,0.000,84.09,33.98
24.970,0.000,0.000,84.09,33.98
24.983,0.000,0.000,85.55,33.95
24.983,0.000,0.000,85.55,33.95
25.000,0.000,0.000,87.05,33.84
25.000,0.000,0.000,87.05,33.84
25.044,0.000,0.000,88.08,34.48
25.044,0.000,0.000,88.08,34.48
25.044,0.000,0.000,88.25,36.15
25.044,0.000,0.000,88.25,36.15
25.047,0.000,0.000,87.75,39.70
25.047,0.000,0.000,87.75,39.70
25.069,0.000,0.000,86.61,46.86
25.069,0.000,0.000,86.61,46.86
25.079,0.000,0.000,85.15,57.53
25.079,0.000,0.000,85.15,57.53
25.095,0.000,0.000,83.67,68.22
25.095,0.000,0.000,83.67,68.22
25.120,0.000,0.000,82.16,76.21
25.120,0.000,0.000,82.16,76.21
25.126,0.000,0.000,80.37,87.15
25.126,0.000,0.000,80.37,87.15
25.143,0.000,0.000,78.45,91.25
25.143,0.000,0.000,78.45,91.25
25.169,0.000,0.000,76.55,92.33
25.169,0.000,0.000,76.55,92.33
25.175,0.000,0.000,74.65,98.76
25.175,0.000,0.000,74.65,98.76
25.190,0.000,0.000,72.72,100.00
25.190,0.000,0.000,72.72,100.00
25.220,0.000,0.000,70.86,99.12
25.220,0.000,0.000,70.86,99.12
25.223,0.000,0.000,69.11,100.00
25.223,0.000,0.000,69.11,100.00
25.239,0.000,0.000,67.39,100.00
25.239,0.000,0.000,67.39,100.00
25.270,0.000,0.000,65.63,94.45
25.270,0.000,0.000,65.63,94.45
25.271,0.000,0.000,63.83,95.21
25.271,0.000,0.000,63.83,95.21
25.286,0.000,0.000,61.98,97.52
25.286,0.000,0.000,61.98,97.52
25.320,0.000,0.000,60.11,95.71
25.320,0.000,0.000,60.11,95.71
25.321,0.000,0.000,58.18,97.33
25.321,0.000,0.000,58.18,97.33
25.335,0.000,0.000,56.30,100.00
25.335,0.000,0.000,56.30,100.00
25.351,0.000,0.000,54.61,98.19
25.351,0.000,0.000,54.61,98.19
25.371,0.000,0.000,53.17,93.76
25.371,0.000,0.000,53.17,93.76
25.382,0.000,0.000,52.04,90.72
25.382,0.000,0.000,52.04,90.72
25.401,0.000,0.000,51.46,82.24
25.401,0.000,0.000,51.46,82.24
25.439,0.000,0.000,51.53,70.62
25.439,0.000,0.000,51.53,70.62
25.440,0.000,0.000,52.27,58.59
25.440,0.000,0.000,52.27,58.59
25.447,0.000,0.000,53.51,48.10
25.447,0.000,0.000,53.51,48.10
25.468,0.000,0.000,55.23,39.88
25.468,0.000,0.000,55.23,39.88
25.479,0.000,0.000,57.41,35.20
25.479,0.000,0.000,57.41,35.20
25.495,0.000,0.000,59.87,33.19
25.495,0.000,0.000,59.87,33.19
25.520,0.000,0.000,62.43,33.00
25.520,0.000,0.000,62.43,33.00
25.527,0.000,0.000,64.79,33.00
25.527,0.000,0.000,64.79,33.00
25.543,0.000,0.000,66.84,33.00
25.543,0.000,0.000,66.84,33.00
25.570,0.000,0.000,68.34,33.00
25.570,0.000,0.000,68.34,33.00
25.575,0.000,0.000,69.37,33.00
25.575,0.000,0.000,69.37,33.00
25.592,0.000,0.000,70.08,33.38
25.592,0.000,0.000,70.08,33.38
25.642,0.000,0.000,70.66,35.54
25.642,0.000,0.000,70.66,35.54
25.642,0.000,0.000,71.24,38.02
25.642,0.000,0.000,71.24,38.02
25.642,0.000,0.000,71.75,39.03
25.642,0.000,0.000,71.75,39.03
25.670,0.000,0.000,72.25,41.13
25.670,0.000,0.000,72.25,41.13
25.671,0.000,0.000,72.85,41.42
25.671,0.000,0.000,72.85,41.42
25.687,0.000,0.000,73.61,40.72
25.687,0.000,0.000,73.61,40.72
25.720,0.000,0.000,74.60,39.72
25.720,0.000,0.000,74.60,39.72
25.722,0.000,0.000,75.69,38.95
25.722,0.000,0.000,75.69,38.95
25.735,0.000,0.000,76.81,37.61
25.735,0.000,0.000,76.81,37.61
25.758,0.000,0.000,77.95,36.69
25.758,0.000,0.000,77.95,36.69
25.770,0.000,0.000,79.04,36.14
25.770,0.000,0.000,79.04,36.14
25.782,0.000,0.000,80.13,35.91
25.782,0.000,0.000,80.13,35.91
25.799,0.000,0.000,81.34,35.73
25.799,0.000,0.000,81.34,35.73
25.820,0.000,0.000,82.70,35.45
25.820,0.000,0.000,82.70,35.45
25.831,0.000,0.000,84.07,35.17
25.831,0.000,0.000,84.07,35.17
25.847,0.000,0.000,85.31,35.01
25.847,0.000,0.000,85.31,35.01
25.870,0.000,0.000,86.24,35.35
25.870,0.000,0.000,86.24,35.35
25.879,0.000,0.000,86.95,35.87
25.879,0.000,0.000,86.95,35.87
25.895,0.000,0.000,87.48,37.25
25.895,0.000,0.000,87.48,37.25
25.920,0.000,0.000,87.87,39.19
25.920,0.000,0.000,87.87,39.19
25.927,0.000,0.000,88.06,41.55
25.927,0.000,0.000,88.06,41.55
25.943,0.000,0.000,87.93,44.29
25.943,0.000,0.000,87.93,44.29
25.970,0.000,0.000,87.45,47.74
25.970,0.000,0.000,87.45,47.74
25.975,0.000,0.000,86.66,53.85
25.975,0.000,0.000,86.66,53.85
25.991,0.000,0.000,85.63,59.59
25.991,0.000,0.000,85.63,59.59
26.020,0.000,0.000,84.29,66.52
26.020,0.000,0.000,84.29,66.52
26.022,0.000,0.000,82.81,74.15
26.022,0.000,0.000,82.81,74.15
26.039,0.000,0.000,81.13,81.20
26.039,0.000,0.000,81.13,81.20
26.070,0.000,0.000,79.23,83.93
26.070,0.000,0.000,79.23,83.93
26.072,0.000,0.000,77.27,91.45
26.072,0.000,0.000,77.27,91.45
26.086,0.000,0.000,75.43,96.57
26.086,0.000,0.000,75.43,96.57
26.120,0.000,0.000,73.58,97.52
26.120,0.000,0.000,73.58,97.52
26.121,0.000,0.000,71.68,99.16
26.121,0.000,0.000,71.68,99.16
26.135,0.000,0.000,69.72,100.00
26.135,0.000,0.000,69.72,100.00
26.151,0.000,0.000,67.83,100.00
26.151,0.000,0.000,67.83,100.00
26.195,0.000,0.000,65.98,93.26
26.195,0.000,0.000,65.98,93.26
26.196,0.000,0.000,64.18,100.00
26.196,0.000,0.000,64.18,100.00
26.199,0.000,0.000,62.42,100.00
26.199,0.000,0.000,62.42,100.00
26.220,0.000,0.000,60.63,100.00
26.220,0.000,0.000,60.63,100.00
26.231,0.000,0.000,58.42,100.00
26.231,0.000,0.000,58.42,100.00
26.246,0.000,0.000,56.10,100.00
26.246,0.000,0.000,56.10,100.00
26.270,0.000,0.000,54.19,100.00
26.270,0.000,0.000,54.19,100.00
26.279,0.000,0.000,52.74,100.00
26.279,0.000,0.000,52.74,100.00
26.295,0.000,0.000,51.33,98.27
26.295,0.000,0.000,51.33,98.27
26.320,0.000,0.000,49.70,93.06
26.320,0.000,0.000,49.70,93.06
26.327,0.000,0.000,47.78,91.39
26.327,0.000,0.000,47.78,91.39
26.343,0.000,0.000,46.11,90.43
26.343,0.000,0.000,46.11,90.43
26.395,0.000,0.000,44.84,87.62
26.395,0.000,0.000,44.84,87.62
26.395,0.000,0.000,44.09,82.29
26.395,0.000,0.000,44.09,82.29
26.396,0.000,0.000,43.90,75.69
26.396,0.000,0.000,43.90,75.69
26.420,0.000,0.000,44.32,62.47
26.420,0.000,0.000,44.32,62.47
26.423,0.000,0.000,45.26,51.47
26.423,0.000,0.000,45.26,51.47
26.439,0.000,0.000,46.48,44.08
26.439,0.000,0.000,46.48,44.08
26.470,0.000,0.000,48.06,39.30
26.470,0.000,0.000,48.06,39.30
26.471,0.000,0.000,50.03,35.02
26.471,0.000,0.000,50.03,35.02
26.487,0.000,0.000,52.23,33.41
26.487,0.000,0.000,52.23,33.41
26.519,0.000,0.000,54.51,33.01
26.519,0.000,0.000,54.51,33.01
26.521,0.000,0.000,56.77,33.00
26.521,0.000,0.000,56.77,33.00
26.535,0.000,0.000,58.95,33.00
26.535,0.000,0.000,58.95,33.00
26.576,0.000,0.000,61.25,33.00
26.576,0.000,0.000,61.25,33.00
26.591,0.000,0.000,63.49,33.00
26.591,0.000,0.000,63.49,33.00
26.591,0.000,0.000,65.67,33.00
26.591,0.000,0.000,65.67,33.00
26.598,0.000,0.000,67.63,33.00
26.598,0.000,0.000,67.63,33.00
26.620,0.000,0.000,69.37,33.00
26.620,0.000,0.000,69.37,33.00
26.631,0.000,0.000,71.05,33.00
26.631,0.000,0.000,71.05,33.00
26.648,0.000,0.000,72.66,33.04
26.648,0.000,0.000,72.66,33.04
26.699,0.000,0.000,74.27,33.35
26.699,0.000,0.000,74.27,33.35
26.699,0.000,0.000,75.84,33.38
26.699,0.000,0.000,75.84,33.38
26.700,0.000,0.000,77.57,33.19
26.700,0.000,0.000,77.57,33.19
26.720,0.000,0.000,79.44,33.20
26.720,0.000,0.000,79.44,33.20
26.726,0.000,0.000,81.37,33.01
26.726,0.000,0.000,81.37,33.01
26.743,0.000,0.000,83.33,33.00
26.743,0.000,0.000,83.33,33.00
26.788,0.000,0.000,85.51,33.00
26.788,0.000,0.000,85.51,33.00
26.788,0.000,0.000,88.28,33.00
26.788,0.000,0.000,88.28,33.00
26.791,0.000,0.000,91.28,33.00
26.791,0.000,0.000,91.28,33.00
26.820,0.000,0.000,93.52,33.00
26.820,0.000,0.000,93.52,33.00
26.823,0.000,0.000,94.22,33.00
26.823,0.000,0.000,94.22,33.00
26.838,0.000,0.000,94.93,33.00
26.838,0.000,0.000,94.93,33.00
26.871,0.000,0.000,94.92,34.74
26.871,0.000,0.000,94.92,34.74
26.872,0.000,0.000,94.14,41.46
26.872,0.000,0.000,94.14,41.46
26.888,0.000,0.000,93.19,50.62
26.888,0.000,0.000,93.19,50.62
26.927,0.000,0.000,92.51,56.08
26.927,0.000,0.000,92.51,56.08
26.942,0.000,0.000,91.75,61.58
26.942,0.000,0.000,91.75,61.58
26.942,0.000,0.000,90.76,70.65
26.942,0.000,0.000,90.76,70.65
26.951,0.000,0.000,89.71,72.26
26.951,0.000,0.000,89.71,72.26
26.978,0.000,0.000,88.86,70.69
26.978,0.000,0.000,88.86,70.69
26.983,0.000,0.000,87.98,73.68
26.983,0.000,0.000,87.98,73.68
26.999,0.000,0.000,86.80,76.98
26.999,0.000,0.000,86.80,76.98
27.020,0.000,0.000,85.55,73.05
27.020,0.000,0.000,85.55,73.05
27.031,0.000,0.000,84.27,74.87
27.031,0.000,0.000,84.27,74.87
27.047,0.000,0.000,82.99,78.29
27.047,0.000,0.000,82.99,78.29
27.073,0.000,0.000,81.90,76.78
27.073,0.000,0.000,81.90,76.78
27.079,0.000,0.000,80.91,77.12
27.079,0.000,0.000,80.91,77.12
27.096,0.000,0.000,79.80,76.73
27.096,0.000,0.000,79.80,76.73
27.119,0.000,0.000,78.43,75.95
27.119,0.000,0.000,78.43,75.95
27.126,0.000,0.000,77.05,77.75
27.126,0.000,0.000,77.05,77.75
27.143,0.000,0.000,75.86,78.97
27.143,0.000,0.000,75.86,78.97
27.196,0.000,0.000,74.84,77.80
27.196,0.000,0.000,74.84,77.80
27.196,0.000,0.000,73.80,76.11
27.196,0.000,0.000,73.80,76.11
27.196,0.000,0.000,72.66,77.96
27.197,0.000,0.000,72.66,77.96
27.220,0.000,0.000,71.33,76.61
27.220,0.000,0.000,71.33,76.61
27.222,0.000,0.000,69.72,79.94
27.222,0.000,0.000,69.72,79.94
27.239,0.000,0.000,67.77,85.28
27.239,0.000,0.000,67.77,85.28
27.270,0.000,0.000,65.62,94.04
27.270,0.000,0.000,65.62,94.04
27.271,0.000,0.000,63.49,97.14
27.271,0.000,0.000,63.49,97.14
27.287,0.000,0.000,61.43,100.00
27.287,0.000,0.000,61.43,100.00
27.331,0.000,0.000,59.45,100.00
27.332,0.000,0.000,59.45,100.00
27.347,0.000,0.000,57.81,100.00
27.347,0.000,0.000,57.81,100.00
27.347,0.000,0.000,56.60,94.20
27.347,0.000,0.000,56.60,94.20
27.369,0.000,0.000,55.67,87.43
27.369,0.000,0.000,55.67,87.43
27.382,0.000,0.000,54.85,79.86
27.382,0.000,0.000,54.85,79.86
27.384,0.000,0.000,53.90,74.56
27.384,0.000,0.000,53.90,74.56
27.399,0.000,0.000,52.92,71.60
27.399,0.000,0.000,52.92,71.60
27.420,0.000,0.000,52.25,69.39
27.420,0.000,0.000,52.25,69.39
27.431,0.000,0.000,51.86,66.16
27.431,0.000,0.000,51.86,66.16
27.447,0.000,0.000,51.89,62.00
27.447,0.000,0.000,51.89,62.00
27.471,0.000,0.000,52.85,53.99
27.471,0.000,0.000,52.85,53.99
27.479,0.000,0.000,55.09,42.74
27.479,0.000,0.000,55.09,42.74
27.495,0.000,0.000,57.89,35.61
27.495,0.000,0.000,57.89,35.61
27.520,0.000,0.000,60.92,33.13
27.520,0.000,0.000,60.92,33.13
27.527,0.000,0.000,64.16,33.00
27.527,0.000,0.000,64.16,33.00
27.542,0.000,0.000,67.59,33.00
27.542,0.000,0.000,67.59,33.00
27.570,0.000,0.000,72.79,33.00
27.570,0.000,0.000,72.79,33.00
27.575,0.000,0.000,80.82,33.00
27.575,0.000,0.000,80.82,33.00
27.590,0.000,0.000,89.63,33.00
27.590,0.000,0.000,89.63,33.00
27.620,0.000,0.000,95.79,33.00
27.620,0.000,0.000,95.79,33.00
27.623,0.000,0.000,97.45,33.00
27.623,0.000,0.000,97.45,33.00
27.638,0.000,0.000,97.19,33.00
27.638,0.000,0.000,97.19,33.00
27.670,0.000,0.000,96.95,33.00
27.670,0.000,0.000,96.95,33.00
27.672,0.000,0.000,96.61,34.81
27.672,0.000,0.000,96.61,34.81
27.687,0.000,0.000,96.17,48.19
27.687,0.000,0.000,96.17,48.19
27.721,0.000,0.000,95.60,57.01
27.721,0.000,0.000,95.60,57.01
27.722,0.000,0.000,95.41,56.60
27.722,0.000,0.000,95.41,56.60
27.735,0.000,0.000,95.49,55.41
27.735,0.000,0.000,95.49,55.41
27.758,0.000,0.000,95.61,53.34
27.758,0.000,0.000,95.61,53.34
27.770,0.000,0.000,95.83,50.85
27.770,0.000,0.000,95.83,50.85
27.783,0.000,0.000,95.76,49.07
27.783,0.000,0.000,95.76,49.07
27.799,0.000,0.000,95.67,48.82
27.799,0.000,0.000,95.67,48.82
27.820,0.000,0.000,95.97,48.21
27.820,0.000,0.000,95.97,48.21
27.830,0.000,0.000,96.31,47.29
27.830,0.000,0.000,96.31,47.29
27.848,0.000,0.000,96.55,47.26
27.848,0.000,0.000,96.55,47.26
27.869,0.000,0.000,96.68,46.63
27.869,0.000,0.000,96.68,46.63
27.879,0.000,0.000,96.62,46.52
27.879,0.000,0.000,96.62,46.52
27.895,0.000,0.000,96.35,48.29
27.896,0.000,0.000,96.35,48.29
27.946,0.000,0.000,96.07,50.30
27.946,0.000,0.000,96.07,50.30
27.946,0.000,0.000,95.81,52.40
27.946,0.000,0.000,95.81,52.40
27.948,0.000,0.000,95.75,53.16
27.948,0.000,0.000,95.75,53.16
